cinni.net,piclog.blue,imood.com,furcadia.com,99gifshop.neocities.org,entranceorexit.net,users2.smartgb.com,ko-fi.com,
emreselim.neocities.org,instagram.com,linkedin.com,
rompeolas.neocities.org,
heroisdraw.neocities.org,heroisdraw.carrd.co,
shawrkbytes.neocities.org,sadgrlonline.github.io,
felizdiamay.neocities.org,
titusandronicus.neocities.org,sadgrl.online,w3schools.com,
slutforstabbings.neocities.org,
autismcupcake.neocities.org,
rebldoomer.neocities.org,acolumbinesite.com,
dedalusnotes.neocities.org,
kodas-crafty-corner.neocities.org,
aime-moi-stelle.neocities.org,
brownsugarclub.neocities.org,
olivers-v1rus.neocities.org,
egge20alert.neocities.org,
harveysbrain.neocities.org,
stillmotionfunwear.neocities.org,
neuroblast.neocities.org,netizen.neocities.org,
mrpmreow.neocities.org,youtu.be,google.com,google.com,google.com,
florespaolakuri.neocities.org,
dedicatoriaemely.neocities.org,
pokemon-countdown.neocities.org,
para-belem-21.neocities.org,
zorosepitaph.neocities.org,
wsecharts.neocities.org,
vexofficial.neocities.org,instagram.com,roblox.com,
bronze.neocities.org,
galaxykoi.neocities.org,
mrmask64.neocities.org,
flask-manipulator.neocities.org,
querida-osmara.neocities.org,
being-known.neocities.org,alligator.fun,store.steampowered.com,
fishblanket.neocities.org,warbynet.neocities.org,
puppzrottin.neocities.org,
eggbert.neocities.org,github.com,github.com,voidlinux.org,dwm.suckless.org,tools.suckless.org,github.com,github.com,github.com,linkedin.com,
magicalpup.neocities.org,
playerlookup.neocities.org,
puertotriunfo.neocities.org,
spamrtist.neocities.org,
thetorchgorg.neocities.org,en.pronouns.page,
leviathanrpg.neocities.org,
artzeeimani.neocities.org,
cybern1nja.neocities.org,
bhavaniswary.neocities.org,yarn.com,
yeahright.neocities.org,sadgrlonline.github.io,
varyth.neocities.org,
u-u-a-a-softrooms.neocities.org,reddit.com,instagram.com,
ratusca.neocities.org,
varpic5.neocities.org,portersturkeycolorcalculator2.neocities.org,
white-crows-nest.neocities.org,tumblr.com,tumblr.com,
eclipse2024.neocities.org,
remi-maurice.neocities.org,evilcorp.com,owl.com,
stjven.neocities.org,
kybeemcfry.neocities.org,kybee.carrd.co,
chaliew.neocities.org,bitview.net,bitview.net,newgrounds.com,
pi-does-neocities.neocities.org,
sitor.neocities.org,
splitsplitsville.neocities.org,
seraphslullaby.neocities.org,toyhou.se,
nelsonmandelawiki.neocities.org,
terrantechpriest.neocities.org,
kushugaki.neocities.org,
exploding-grrl.neocities.org,html-css-js.com,html-css-js.com,htmlcheatsheet.com,html5-templates.com,
starfellreef.neocities.org,starfellreef.123guestbook.com,
evanjudddesign.neocities.org,dropbox.com,
cosmology.neocities.org,yarn.com,
spacebent.neocities.org,youtube.com,crouton.net,
duckshack.neocities.org,
thatsme02.neocities.org,
jestinevent.neocities.org,myntra.com,
xinuh.neocities.org,
d4n1l0.neocities.org,https:,danilos.straw.page,
darp.neocities.org,
frajinfrajith.neocities.org,en.wikipedia.org,en.wikipedia.org,
qw0.neocities.org,tumblr.com,last.fm,rateyourmusic.com,loribz.neocities.org,rateyourmusic.com,rateyourmusic.com,rateyourmusic.com,rateyourmusic.com,rateyourmusic.com,rateyourmusic.com,rateyourmusic.com,rateyourmusic.com,rateyourmusic.com,
thetrove.neocities.org,sadgrlonline.github.io,cooltext.com,sadgrlonline.github.io,
giovannichessia.neocities.org,discord.gg,
bellotvi.neocities.org,
trujilloza.neocities.org,
miguelvaleroce.neocities.org,
melerofe.neocities.org,
xcom-daripe.neocities.org,
valenzuelago.neocities.org,store.steampowered.com,valvesoftware.com,store.steampowered.com,store.steampowered.com,
archive81.neocities.org,open.spotify.com,
loribz.neocities.org,tumblr.com,honeymoonisf.tumblr.com,rateyourmusic.com,last.fm,
visorz4visorz.neocities.org,youtube.com,youtube.com,youtube.com,
drakejoebidenwakeup.neocities.org,tenor.com,tenor.com,
cbp846.neocities.org,
cocokiaru-tea-party.neocities.org,
falsemoonlight.neocities.org,
pswin56.neocities.org,example.com,example.com,youtube.com,example.com,
lordcoledemort.neocities.org,lordcoledemort.neocities.com,gifypet.neocities.org,blinkies.cafe,goblin-heart.net,
magiquest.neocities.org,
rottengraveyard.neocities.org,docs.google.com,tumblr.com,
fmpidea6212.neocities.org,store.steampowered.com,store.steampowered.com,store.steampowered.com,store.steampowered.com,youtu.be,youtube.com,store.steampowered.com,
bonsburgurscompanyweb.neocities.org,
zqinfosec.neocities.org,
nekocharmz.neocities.org,
fyjmarzo.neocities.org,
formatulium.neocities.org,instagram.com,aloss.bandcamp.com,half-life.com,
dongjj.neocities.org,
sodamntiring.neocities.org,
charliethecreature.neocities.org,
cyberiano.neocities.org,
seacatgirls.neocities.org,calendar-muryou.com,
reversetest.neocities.org,portersturkeycolorcalculator2.neocities.org,
endlessvoid.ink,endlessvoid.lol,
arass.neocities.org,zip.4channel.org,yarn.com,
bookmarklethub.neocities.org,
muontsy.neocities.org,youtube.com,neal.fun,
grandideamafia.neocities.org,
seekerstreet.neocities.org,
bobgert.neocities.org,youtube.com,google.com,
revvan-synth.neocities.org,
radio024-site.neocities.org,
djdotcom.neocities.org,facebook.com,deshawnjones.com,deshawnjones.com,deshawnjones.com,deshawnjones.com,deshawnjones.com,matrix.org,deshawnjones.com,
gyattcafe.neocities.org,
ggs-charity.neocities.org,univ-catholille.fr,validator.w3.org,jigsaw.w3.org,
fsyt.neocities.org,youtube.com,
gnarple22.neocities.org,youtube.com,fi.pinterest.com,
clasesdebateriabarcelona.neocities.org,clasesdebateriagonzalocamacho.com,clasesdebateriagonzalocamacho.com,
magnide.neocities.org,
semyon.neocities.org,
faneca.neocities.org,
thatriddle.neocities.org,
wonyoungism.neocities.org,carrd.co,
gbsfantasy.neocities.org,
alejavivi.neocities.org,
galansob2024.neocities.org,
practica-2024.neocities.org,
kikisamo.neocities.org,
marksyniatop3r.neocities.org,
kjlcoffee.neocities.org,
decubasya.neocities.org,
franceshe.neocities.org,
pedraza.neocities.org,
adelantadopiera.neocities.org,
alextro.neocities.org,
sssirvent.neocities.org,
sait-dio1.neocities.org,
sivafalcon.neocities.org,yarn.com,
snail-n-space.neocities.org,
austinaks.neocities.org,amazon.in,yarn.com,
everybusvlog.neocities.org,kind.social,t.me,signal.me,
garam-test.neocities.org,hddfs.go.link,
zeting.neocities.org,
inhumanus.neocities.org,tumblr.com,undertale.fandom.com,
scottyshome.neocities.org,
cosmospersonaquiz.neocities.org,
swipe.neocities.org,
the-liminal-place.neocities.org,
jamesvvegita.neocities.org,srislaw.com,srislaw.com,srislaw.com,
manythings.neocities.org,
picbascassquiato.neocities.org,
flickering-void.neocities.org,
agsteiner.neocities.org,
bapsworld.neocities.org,
thefunnyrockman.neocities.org,
fruitdoll.neocities.org,youtube.com,
r1verh0neyz.neocities.org,
videoproductionblog.neocities.org,luminoustudios.com,luminoustudios.com,
walkable.dog,
pichikana.neocities.org,
nhtsubs.neocities.org,
ryuryuji.neocities.org,
seorodrinkswater.neocities.org,
dandanhan.neocities.org,
parolesdetable.neocities.org,
hanul.neocities.org,
sugksalr.neocities.org,
ockdolmin.neocities.org,
sleep19.neocities.org,
kim0770.neocities.org,
doomchitmon.neocities.org,
9499pp.neocities.org,
nnnniinteresse.neocities.org,
gwahyun.neocities.org,
sneekyofficial.neocities.org,roblox.com,roblox.com,discordlookup.com,
daehan-the-pebble.neocities.org,
chessrepresentation.neocities.org,
yoaijitsu.neocities.org,youtube.com,twitter.com,
kittlie.neocities.org,
kuakua.neocities.org,
nfh.neocities.org,mediafire.com,
flett.neocities.org,
mariguapa.neocities.org,
onasus.neocities.org,
rats-in-a-trenchcoat.neocities.org,
shadownblaze.neocities.org,baking.com,
britishmanshomework.neocities.org,
luncheon.neocities.org,
vasanth1902.neocities.org,yarn.com,
slideways.neocities.org,
duckdropop.neocities.org,
vernalpanic.neocities.org,dimden.dev,melonking.net,sugarforbrains.neocities.org,whitedesert.neocities.org,
tokjay.neocities.org,
historyofphotographylibrarium.neocities.org,southcodes.tumblr.com,
boxerbhaskar.neocities.org,
peltata.neocities.org,hdfull.org,repelishd.me,cinecalidad21.live,www1.inkapelis.li,pelisplushd.nz,pelisforte.co,www3.pelisplus.ph,pelispedia.one,pelispedia2.vip,gnula.nu,cinehdplus.org,ww1.pelishouse.me,locopelis.com,cineclasicoon.com,online.tucineclasico.es,cinelibreonline.com,cinehdplus.net,classicofilm.com,zona-leros.com,entrepeliculasyseries.nz,cuevana.si,sololatino.net,mww.cinecalidad.gg,verseries.cloud,yaske.ru,novelas360.com,ww1.repelis24.yt,pelisflix.skin,verpeliculasultra.com,retrotv.org,cinechile.cl,legalmentegratis.com,youtube.com,youtube.com,youtube.com,odysee.com,youtube.com,old.reddit.com,lacasadeltikitaka.net,cablegratis.online,tvspacehd.com,deportelibre.live,futbolfullenvivo.nl,canales.online,tvonline.app,futbolfullenvivo.com,futbolgratis.online,portalbarranca.com,alplox.github.io,loteria.cl,polla.cl,fast.com,speedtest.net,cse.google.com,cineclasicodcc.com,peliculasgd.net,latinomegahd.net,descargandoxmega.com,hackstore.rs,somosmovies.com,identi.io,pelishd4k.com,megapeliculasrip.net,megapeliculasrip.org,gatonplayseries.com,descargatepelis.com,cinemaniahdd.net,mega1080.com,blog-peliculas.com,bajalogratis.com,mirandopeliculas.com,todofullxd.com,
themizarkshow.art,
noisetwo.neocities.org,
cloverkitty.neocities.org,cyberneko.shop,instagram.com,
reagendaway.neocities.org,
dipolito.neocities.org,
d0mainnamesystem.neocities.org,nicolettaceccoli.com,
mixey.neocities.org,
yanana.neocities.org,rentry.co,instagram.com,ko-fi.com,twitter.com,retrospring.net,try.carrd.co,girls.ju.mp,blogspot.crd.co,locket.crd.co,diaries.crd.co,women.crd.co,
dapperblaze.neocities.org,yarn.com,
aech.neocities.org,webneko.net,chy-tea.neocities.org,youtube.com,
silvreesf.neocities.org,
richardnixon.neocities.org,
ollivenotes.neocities.org,
dullahs-retro-corner.neocities.org,
bungougaydogs.neocities.org,
daffodilland.neocities.org,
mrnoobnub.neocities.org,
abelswebsite.neocities.org,nintendo.co.jp,
rushoffailure.neocities.org,
biteback.neocities.org,
angelyeli.neocities.org,
firesimulator.neocities.org,
chmn.neocities.org,
one-very-odd-juliet.neocities.org,
paymentplan.neocities.org,twitter.com,
doges-personal-site.neocities.org,
nsdessa.neocities.org,
rashjudgement.neocities.org,
cd-thyme.neocities.org,
fruitsap.neocities.org,
yochanachoo.neocities.org,o-tower.co.jp,aquarium.co.jp,sunshinecity.jp,kaiyukan.com,o-tower.co.jp,o-tower.co.jp,o-tower.co.jp,tobuzoo.com,kaiyukan.com,kaiyukan.com,aquarium.gr.jp,aquarium.gr.jp,o-tower.co.jp,asamushi-aqua.com,
fuelalternative.neocities.org,
commonmotives.neocities.org,
varpic4.neocities.org,portersturkeycolorcalculator2.neocities.org,
batzkech.neocities.org,gigaglitters.com,
dream2.neocities.org,on.soundcloud.com,instagram.com,instagram.com,instagram.com,
junelim.neocities.org,
maluvola.neocities.org,
bypasscut-tiktok.neocities.org,
paguitoapp.neocities.org,landbot.online,
prelocate.neocities.org,
squiffied.neocities.org,
datbear.neocities.org,twitter.com,discord.gg,twitch.tv,youtube.com,roblox.com,
doyeoun-test.neocities.org,hddfs.go.link,hddfs.go.link,app.adjust.com,
sonochrome.neocities.org,
fairytimestudio.neocities.org,
vicepeddlerscorner.neocities.org,
secretcity.neocities.org,
topstampsandcoins.neocities.org,
wanttobeawebsite.neocities.org,
rewindworld.neocities.org,createblog.com,codepen.io,sadgrl.online,
faustknowsall.neocities.org,
aeroinfo.neocities.org,
nutwinner.neocities.org,
yanawashere.neocities.org,
onceuponasynth.neocities.org,
greycomplex.neocities.org,tiktok.com,tiktok.com,
wolfyan.neocities.org,
loonijuni.neocities.org,
hydrofauna.neocities.org,cod.tumblr.com,
noughtsite.neocities.org,
mirarasol.neocities.org,yarn.com,
vvw.neocities.org,youtube.com,myanimelist.net,imdb.com,steamcommunity.com,
s3947995.neocities.org,
casinnovate.neocities.org,casinnovate.com,
dreinsaturn.neocities.org,
ash-miron-field-guide.neocities.org,
funkjunction.neocities.org,
henshucore.neocities.org,youtube.com,
jaggernautt.neocities.org,yarn.com,
rexcinherehelloworld.neocities.org,
muthuraja.neocities.org,yarn.com,
willsass.neocities.org,
djnotnice.neocities.org,linkedin.com,w3schools.com,geosync-navigator-f561f.firebaseapp.com,
zachb-folio.neocities.org,
lenp.net,github.com,en.wikipedia.org,github.com,github.com,cneos.jpl.nasa.gov,github.com,kicad.org,visualstudio.microsoft.com,github.com,github.com,raspberrypi.com,worldanvil.com,imdb.com,obsidianportal.com,github.com,flickr.com,
jenc.neocities.org,
hergz.neocities.org,
cafeblue.neocities.org,toyhou.se,yarn.com,
jamers.neocities.org,sadgrlonline.github.io,
artemis-foundation.neocities.org,
ophxelia.neocities.org,lanadelrey.com,receptive-soap-4c3.notion.site,
nekomancycrafts.neocities.org,
metabun.neocities.org,
michaelrodriguez.neocities.org,
something-soon.neocities.org,
yourfavblogs.neocities.org,
citra-emu-archive.neocities.org,web.archive.org,youtube.com,web.archive.org,web.archive.org,web.archive.org,web.archive.org,web.archive.org,web.archive.org,twitter.com,web.archive.org,web.archive.org,web.archive.org,web.archive.org,web.archive.org,web.archive.org,web.archive.org,web.archive.org,web.archive.org,
moongoob.neocities.org,
mrkeijidosha.neocities.org,en.wikipedia.org,
unepikal.neocities.org,unepikal.tumblr.com,bsky.app,toyhou.se,
nyxuserboxes.neocities.org,
xinkla.neocities.org,
sailorsfriend.neocities.org,
drrmband.neocities.org,
periodnisistemelemenata.neocities.org,
masonphelpsmusic.neocities.org,instagram.com,instagram.com,instagram.com,masonphelps.bandcamp.com,masonphelps.bandcamp.com,instagram.com,facebook.com,
emmasbookblog.neocities.org,
poetsexport.neocities.org,facebook.com,instagram.com,instagram.com,linktr.ee,
savagegoodbear.neocities.org,twitter.com,
floodawareness.neocities.org,
httpjennifer.neocities.org,
guilistentomepleaseimsorry.neocities.org,
protostarbetterbrains.neocities.org,stock.adobe.com,
datafile.neocities.org,carrd.co,
pwrotesnote.neocities.org,poorlywrotesuicidenote.bandcamp.com,
evieswonderland.neocities.org,
2cool4damnation.neocities.org,
kodekafe.neocities.org,nerdschool.no,
nikopets.neocities.org,shuro.tumblr.com,neopets.com,grundos.cafe,
trabalhodeppw252.neocities.org,
kleinentoaster.neocities.org,
naomitania.neocities.org,sadgrlonline.github.io,
heybal.neocities.org,
duskrat.neocities.org,spacehey.com,twitter.com,theskyatdusk.carrd.co,duskrat.carrd.co,instagram.com,
silvastars.neocities.org,
ffanecaa.neocities.org,
minifiddle.neocities.org,
spark198.neocities.org,
sol-the-alien.neocities.org,
utdr-interuniversal-cooking-show.neocities.org,
lejwrites.neocities.org,buymeacoffee.com,ko-fi.com,royalroad.com,bsky.app,cohost.org,pillowfort.social,sadgrlonline.github.io,
ghostprotocol.neocities.org,sadgrlonline.github.io,sadgrlonline.github.io,
vseek.neocities.org,
445285.neocities.org,
lauraval.neocities.org,wikipedia.org,
emberhext.neocities.org,
koja.neocities.org,
infof.neocities.org,
msvu.neocities.org,disk.yandex.ru,ru.wikisource.org,disk.yandex.ru,disk.yandex.ru,disk.yandex.ru,disk.yandex.ru,disk.yandex.ru,disk.yandex.ru,disk.yandex.ru,disk.yandex.ru,lib.pushkinskijdom.ru,imwerden.de,disk.yandex.ru,disk.yandex.ru,msvu.mil.ru,
over5419.neocities.org,
erikcbrown.neocities.org,
fishbowl.neocities.org,giphy.com,
stizzbox.neocities.org,
uncreative-avis.neocities.org,goblin-heart.net,
g-mod.neocities.org,
neverending123.neocities.org,
polarpals.neocities.org,
the-autistic-penguins.neocities.org,facebook.com,
atharva14092010.neocities.org,youtube.com,youtube.com,
adam2541.neocities.org,youtube.com,youtube.com,
jsite45654667756dw.neocities.org,
amurasublimados.neocities.org,instagram.com,l.instagram.com,
madvisions.neocities.org,templaterr.neocities.org,
ramadan-rajood.neocities.org,
byeblob.neocities.org,
phantasmagorically.neocities.org,plurali.icu,webmastering.neocities.org,goblin-heart.net,goblin-heart.net,lovespace.carrd.co,enchantments.carrd.co,cursors-4u.com,
mikita.neocities.org,
wisteriaarchives.neocities.org,
hailsnostalgiaarchival.neocities.org,
obsidianphotography.neocities.org,tumblr.com,
teqcee.neocities.org,degz.net,heckscaper.com,vim.org,entropia.de,fedoraproject.org,kde.org,mastodon.social,youtube.com,repair.org,
e123e.neocities.org,vk.com,
anythingggg.neocities.org,
yuvaranib.neocities.org,yarn.com,
thebladedude.neocities.org,
turkeycalculator.neocities.org,portersturkeycolorcalculator2.neocities.org,
hmerriam.neocities.org,google.ca,
i9k99.neocities.org,mobanwang.com,
monopea.neocities.org,monochromepeashooter.neocities.org,
devilsparidise.neocities.org,gamejolt.com,gamejolt.com,
thetinnieststar.neocities.org,openitopenitpleasepleaseplease.carrd.co,
scottcarlsilverslicksballs.neocities.org,
macncheeseaddiction.neocities.org,
mossydecaybackup.neocities.org,pronouny.xyz,xenodogz.neocities.org,kingofteeth.neocities.org,eggramen.neocities.org,eggramen.neocities.org,
ivoramirez.neocities.org,
almeidagabriel.neocities.org,
duckysplaza.neocities.org,
hotskeleton.neocities.org,madeofbone.bandcamp.com,youtube.com,steamcommunity.com,
goldentree.neocities.org,
portfoliusmaximus.neocities.org,flickr.com,webradionosnafita.minharadio.fm,youtube.com,youtube.com,instagram.com,flickr.com,
hadasfada.neocities.org,
nomplex.neocities.org,
devivenkatesan.neocities.org,yarn.com,
peasbowl.neocities.org,
lonelygalaxy.neocities.org,
naruto143.neocities.org,neocitirs.org,http:,
silvernocturne.neocities.org,silvernocturne.itch.io,
car-info.neocities.org,ford.com,chevrolet.com,toyota.com,
beretta.neocities.org,
flimskischizoclub.neocities.org,allegro.pl,
balambgdn.neocities.org,rionaleonhart.dreamwidth.org,
dirtlab-test.neocities.org,
friendlyrideinc.neocities.org,yarn.com,
kickerofelves.neocities.org,GILFPATROL.EDU,
zatpak.neocities.org,
evilthings.neocities.org,
vivifilmblog.neocities.org,letterboxd.com,sadgrlonline.github.io,
plutozremainzz.neocities.org,sadgrlonline.github.io,sadgrlonline.github.io,
dandadood.neocities.org,
anguskahn.neocities.org,
kachow767.neocities.org,
tulpkun.neocities.org,youtube.com,youtube.com,x.com,discord.gg,
omq.neocities.org,google.com,
projektszkolnygry.neocities.org,
komputergames.neocities.org,
szkolnezadania2137.neocities.org,
projekty1p.neocities.org,
projekt1p.neocities.org,
1pprojektszkolnyekonom.neocities.org,
rs-clan.neocities.org,discord.gg,tiktok.com,youtube.com,snapchat.com,youtube.com,steamcommunity.com,
not-disclosed.neocities.org,versicherungen.at,
mjformacion.neocities.org,creativecommons.org,exelearning.net,
thedreamrealm.neocities.org,
eventtrial.neocities.org,yarn.com,
ubermensch28.neocities.org,
ilikesunchongood.neocities.org,
lovely-liv.neocities.org,
spidercider.neocities.org,pokemon.com,
atops93.neocities.org,github.com,youtube.com,
tempmywebjw.neocities.org,
tjcodewebsite.neocities.org,
orbitpixie.neocities.org,yarn.com,
jackgibson.neocities.org,sadgrlonline.github.io,sadgrlonline.github.io,
examcare.neocities.org,github.com,twitter.com,github.com,jekyllrb.com,
jayashimman.neocities.org,example.com,yarn.com,
norstik.neocities.org,
feelmewithinyou.neocities.org,
minicoin.neocities.org,
arrowsworld.neocities.org,
rowdysgindependentnovelstudy.neocities.org,
demon-of-a-thousand-eyes.neocities.org,deviantart.com,deviantart.com,
kxrmaman.neocities.org,tumblr.com,twitter.com,tiktok.com,youtube.com,
nortlas.neocities.org,
dunderland.neocities.org,
devsgone.neocities.org,discord.gg,
hazelhill.neocities.org,w3schools.com,
modernprometheus.neocities.org,repth.neocities.org,
aurath.neocities.org,maow.cc,aurathmind.tumblr.com,amalfigintonic.tumblr.com,
r0ll0.neocities.org,
uddynamite.neocities.org,
codigos1992.neocities.org,
franwazz.neocities.org,sadgrlonline.github.io,
jrjenterprises.neocities.org,jrjenterprises.bandcamp.com,youtube.com,facebook.com,soundcloud.com,jrjenterprises.bandcamp.com,jrjenterprises.bandcamp.com,jrjenterprises.bandcamp.com,jrjenterprises.bandcamp.com,webaudio.prototyping.bbc.co.uk,
celesticangel.neocities.org,
tiber-ror.neocities.org,
lizzitoz.neocities.org,twitter.com,youtube.com,
jespy.neocities.org,sadgrlonline.github.io,sadgrlonline.github.io,
zulbuck.neocities.org,64DD.org,free-website-hit-counter.com,
moongirlarchive.neocities.org,
hspuritytest.neocities.org,
biffthebusinessman.neocities.org,
faeswhims.neocities.org,
boons.neocities.org,steamcommunity.com,twitter.com,discordapp.com,
lotus-town.neocities.org,
lunacitymusic.neocities.org,soundcloud.com,
caderre.neocities.org,
el-blog.neocities.org,
unbearable-lightness-of-ink.neocities.org,
montblancroll.neocities.org,
mcbbblog.neocities.org,youtube.com,neothemes.neocities.org,
yellowcold.neocities.org,
idlevalley.neocities.org,sadgrlonline.github.io,sadgrlonline.github.io,
11xt.wtf,
starkittys.neocities.org,jediswap.xyz,t.me,discord.gg,twitter.com,
northwyrm.neocities.org,app.thestorygraph.com,artfight.net,ko-fi.com,orcid.org,anatomypubs.onlinelibrary.wiley.com,peerj.com,sites.google.com,barks-bog.com,saint-nevermore.carrd.co,urlocal.carrd.co,zhejiangopterus.org,palaeoplushies.com,cydork.neocities.org,cheshadrawscommission.carrd.co,
chesterkrugston.neocities.org,
lennalefay.neocities.org,drive.google.com,
the-cat-hands-art.neocities.org,
yzygames.neocities.org,yzywrld.neocities.org,
yzywrld.neocities.org,yeezy.com,yews.news,youtube.com,twitter.com,
pepperland.neocities.org,
takeuchii.neocities.org,
mydnyte-madness.neocities.org,yarn.com,
bruccolee.neocities.org,
radmintiune.neocities.org,
kazbak.neocities.org,kazbak.123guestbook.com,
cysoy.neocities.org,
almostbluegoat.neocities.org,shopde.arianagrande.com,
sydsoup.neocities.org,sadgrlonline.github.io,sadgrlonline.github.io,
brianayeong.neocities.org,letterboxd.com,letterboxd.com,
destro.neocities.org,
cubewithaslightoffset.neocities.org,
tomer-thought.neocities.org,en.wikipedia.org,en.wikipedia.org,
orgasmic.neocities.org,
artofjpm.neocities.org,webneko.net,sadgrlonline.github.io,
dunkloid.neocities.org,
flowerlanguage.neocities.org,
miraro.neocities.org,
kepekekmei.neocities.org,spacehey.com,xn--trksigara-q9a.net,
funnywarioware.neocities.org,youtube.com,nightsintodreams.com,
dead7quid.neocities.org,youtu.be,
maryhatcher.neocities.org,
bowwowgab.neocities.org,
thenakedagency.com,
krokorok.neocities.org,
rewindvideorentals.neocities.org,
cupidtan.neocities.org,
you-rock.neocities.org,
hex0000ff.neocities.org,
billbill2k.neocities.org,
thecitadel007.neocities.org,github.com,github.com,github.com,github.com,github.com,github.com,cheeriko.github.io,github.com,github.com,ko-fi.com,toyhou.se,deviantart.com,ko-fi.com,github.com,
graycim.neocities.org,
udon-tea.neocities.org,udon-tea.tumblr.com,archiveofourown.org,foollovers.com,
patrykgorkaa.neocities.org,yarn.com,
raisinmuffin2.neocities.org,
ozarklegendsunearthed.neocities.org,
slimeybrain.neocities.org,
for-you55.neocities.org,neothemes.neocities.org,
krzyzowka.neocities.org,
costatlantica.neocities.org,youtube.com,youtube.com,yarn.com,
ssotra.neocities.org,
nikolaikrol.neocities.org,discord.gg,youtube.com,yarn.com,
rttlozarks.neocities.org,
brownmh3.neocities.org,
meadie.neocities.org,
rosesignet.neocities.org,pixiv.net,
zenithlegion.neocities.org,
funnywordoftheyear.neocities.org,youtube.com,youtube.com,
polarprjct.neocities.org,youtube.com,soundcloud.com,
realmkeeperz.neocities.org,
susiecards.neocities.org,
eversoxsleepy.neocities.org,
jayasriharidoss27520.neocities.org,yarn.com,
roboticcons-epic-website.neocities.org,
baaaadlands.neocities.org,
panikas.neocities.org,
cosmic-terrace.neocities.org,
eggsandghost.neocities.org,
starsirens.neocities.org,instagram.com,soundcloud.com,starsiren.bandcamp.com,open.spotify.com,
xansrevival.neocities.org,segmentr.cf,
agustingalarza.neocities.org,es.wikipedia.org,youtube.com,youtube.com,
rebecca-peraza-01.neocities.org,
presentacionmatias.neocities.org,
teamotifany.neocities.org,
dandyanthedolls.neocities.org,
peachkandi.neocities.org,yarn.com,
lightbringer.neocities.org,youtube.com,instagram.com,yearsbetween.bandcamp.com,
mageshdevi1710.neocities.org,yarn.com,
lazymav.neocities.org,
kazinny.neocities.org,neal.fun,phighting.wiki,regretevator.fandom.com,pokemon.com,joeydrewstudios.com,en.wikipedia.org,
ballsurvivor.neocities.org,
shortmonqey.neocities.org,
bypasscut.neocities.org,
castagna.neocities.org,yarn.com,liluo.io,liluo.io,
modulador.neocities.org,
crippledbeanz.neocities.org,vaje.neocities.org,en.wikipedia.org,
skillbridge.neocities.org,skillbridge.osd.mil,
hattsie.neocities.org,htmldog.com,
thiimae.neocities.org,
fishda-web.neocities.org,roblox.com,roblox.com,roblox.com,roblox.com,roblox.com,roblox.com,roblox.com,
dylanstestroom.neocities.org,
walar-encrypt.neocities.org,
baynefyre.neocities.org,soundcloud.com,
t-aggelos.neocities.org,
boreesjhonsun.neocities.org,
xcoolxgame.neocities.org,yarn.com,
anankrish.neocities.org,yarn.com,
love098632.neocities.org,htmlcommentbox.com,
ak1267222.neocities.org,youtube.com,yarn.com,
recetas12.neocities.org,
hoi4gfxgenerator.neocities.org,
ken-is-dead.neocities.org,instagram.com,forms.gle,
tumblrholidaycalendar.neocities.org,
ufeff.info,
bestjinwoo.neocities.org,
nastika2107.neocities.org,
recycled-playground.neocities.org,
arestrabajotic.neocities.org,diariovasco.com,regalosgourmetonline.com,digitaldeleon.com,palacios.es,
piptro.neocities.org,example.com,
wyllfr.neocities.org,
simulatorspring.neocities.org,
chrryps.neocities.org,
u64-mario-archival.neocities.org,
ill3gal.neocities.org,opiumopium.com,
123nawas.neocities.org,yarn.com,yarn.com,
escapismo-digital.neocities.org,en.wikipedia.org,alexandriacatolica.blogspot.com,padrepauloricardo.org,wayback-classic.net,montfort.org.br,konachan.net,wiki.installgentoo.com,wiby.me,doomworld.com,directory.fsf.org,creativecommons.org,creativecommons.org,
hackermanisgonnapwnyou.neocities.org,
broadcast42.neocities.org,
uhhfelix.neocities.org,x.com,youtube.com,
jan-haegd-italent.neocities.org,facebook.com,breebasket.sportadministratie.be,linkedin.com,facebook.com,breebasket.sportadministratie.be,linkedin.com,
capp.neocities.org,
leegeeyoon.neocities.org,giphy.com,
sneedai.neocities.org,
theratkingdom.neocities.org,youtube.com,
homoceroscaeli.neocities.org,
chitchat-gg.neocities.org,
20350260.neocities.org,
20290301.neocities.org,
20137521.neocities.org,
20342461.neocities.org,
20373064.neocities.org,
20356265.neocities.org,
20359517.neocities.org,
lamrin05.neocities.org,yarn.com,
siriusearl.neocities.org,
grinsgames.neocities.org,
walterteves.neocities.org,
magpieenjoyer.neocities.org,
nithi1018.neocities.org,
insert-namehere.neocities.org,yarn.com,
conjuredkindred.neocities.org,ko-fi.com,gentle.earth,repth.neocities.org,
megascatterbomb.neocities.org,youtube.com,
lucayi.neocities.org,instagram.com,olgamastersshortstoryaward.com,youtube.com,youtube.com,youtube.com,theatreonset.com.au,
maxmega.neocities.org,fachanwalt.de,
babambabamba.neocities.org,
cute-angel-girl.neocities.org,pomf.lain.la,
rottingmoth.neocities.org,
alsadgjsdhgsdjkg.neocities.org,
miasmatic.neocities.org,systemp.neocities.org,
nikitashekhovtsov.neocities.org,
parallelshore.neocities.org,patreon.com,
romanpatlai.neocities.org,
hey-salut.neocities.org,
musiejdominik.neocities.org,
matematicasnatan.neocities.org,instagram.com,
birbohex.eternabyte.dev,beesbeesbeesbees.com,google.com,eternabyte.dev,
theeggsauce.neocities.org,
fambox.neocities.org,
redwoodchronicles.neocities.org,penrosegeneste.com,
girlb0yfriend.neocities.org,sadgrlonline.github.io,sadgrlonline.github.io,sadgrlonline.github.io,sadgrlonline.github.io,sadgrlonline.github.io,sadgrlonline.github.io,
raintreeparkprice.neocities.org,prestigesraintreepark.info,prestigesraintreepark.info,prestigesraintreepark.info,
fil2.neocities.org,twitter.com,youtube.com,instagram.com,bsky.app,
soratosis.neocities.org,
clasa6ea.neocities.org,
atonic.neocities.org,youtube.com,store.steampowered.com,
fftournaments.neocities.org,yarn.com,
iriska.neocities.org,vk.com,fivenightsatfreddys.fandom.com,
sickvntgenerationpart3.neocities.org,spacehey.com,
marzbarzluvv.neocities.org,archive.org,gamebrew.org,
interstellar-remnant.neocities.org,
orgasmic-nerd.neocities.org,
frostbirb.neocities.org,yarn.com,
internethauntology.neocities.org,sorenliu.my.canva.site,homestuck.me,tumblr.com,repth.neocities.org,
synthwitch.neocities.org,
mgcpxl.neocities.org,yarn.com,
wateredmelon.neocities.org,wateredmelonn.carrd.co,i.pinimg.com,
m2rchs-place.neocities.org,
hobbesgato.neocities.org,
oc-hub-template.neocities.org,sadgrl.online,w3schools.com,
hauntinglypatch.neocities.org,neocites.org,yarn.com,
carinfot2.neocities.org,
carnewproject.neocities.org,
velocirection.neocities.org,
birdsportlovers.neocities.org,cohost.org,
item-asylum-vol-5.neocities.org,
r74n.neocities.org,R74n.com,r74n.com,R74n.com,sandboxels.R74n.com,c.R74n.com,R74n.com,R74n.com,R74n.com,r74n.com,R74n.com,
astraduffyaudio.neocities.org,docs.google.com,instagram.com,linkedin.com,
ckynk.neocities.org,
bons-burgers.neocities.org,
irissuchu.neocities.org,yarn.com,
ramen-guy.neocities.org,ramen221.carrd.co,en.pronouns.page,corru.observer,discord.gg,
triplea.neocities.org,youtube.com,google.com,
khemiacuratoria.neocities.org,numahachi.tumblr.com,numahachi.tumblr.com,
faeriefolk.neocities.org,imood.com,
habean.neocities.org,
thegalaxygrotto.neocities.org,
amons.neocities.org,
jimena18.neocities.org,newzealand.com,
gangur0.neocities.org,
stuckinbluespace.neocities.org,constellado.work,
unblockedgaming.neocities.org,
perfectband.neocities.org,templaterr.neocities.org,
abandonedcastlecentral.neocities.org,
talris.neocities.org,repth.neocities.org,
easlla.neocities.org,
tua-bowsette-the-r0sed4wg.neocities.org,
creole-cats-training.neocities.org,repth.neocities.org,
spheal.neocities.org,bulbapedia.bulbagarden.net,archives.bulbagarden.net,
eteled.neocities.org,
whatwordistoday.neocities.org,
lastpick.neocities.org,choodraws.tumblr.com,
bigearam.neocities.org,twitter.com,discord.gg,
menthol.neocities.org,linktr.ee,
medical101.neocities.org,
bricktheblock.neocities.org,
ciiniister.neocities.org,
ballinluigi.neocities.org,gamejolt.com,gamejolt.com,
legtexagg.neocities.org,
gaffpunk.neocities.org,twitter.com,gaffpunk.substack.com,
thecoloroffear.neocities.org,greyfade.neocities.org,
redshanger.neocities.org,
rebutation.neocities.org,
cesarsalladzcomics.neocities.org,TheadventuresofKouandHitori.neocities.org,
rustyfox.neocities.org,
surfinista6644.neocities.org,open.spotify.com,youtube.com,
doomedheart1233.neocities.org,sites.google.com,glarfe.neocities.org,
student10.neocities.org,youtube.com,
6-noted.neocities.org,
goebbels.neocities.org,
ne0dym.neocities.org,
bleu7.neocities.org,bleu7.com,bleu7.com,bleu7.com,bleu7.com,bleu7.com,bleu7.com,facebook.com,linkedin.com,instagram.com,x.com,bleu7.com,bleu7.com,bleu7.com,bleu7.com,bleu7.com,bleu7.com,
portersturkeycolorcalculator2.neocities.org,
nwfd.neocities.org,
8c888.neocities.org,soundcloud.com,ibb.co,letterboxd.com,
lanemilton.neocities.org,
t0mrbx.neocities.org,
jcds1995m.neocities.org,yarn.com,
alinfo.neocities.org,
cbcnewspaper.neocities.org,
fishy-world.neocities.org,
vba-math.neocities.org,
nevalen.neocities.org,youtube.com,pin.it,instagram.com,
theheart.neocities.org,
bastarding.neocities.org,twitter.com,twitter.com,
henchman.neocities.org,
enolfs35.neocities.org,
crattygusgus.neocities.org,
hackschool.neocities.org,
junopunk.neocities.org,
champ0uts.neocities.org,sadgrlonline.github.io,sadgrlonline.github.io,sadgrlonline.github.io,sadgrlonline.github.io,sadgrlonline.github.io,sadgrlonline.github.io,sadgrlonline.github.io,
calcautonomica.neocities.org,
strawberryfield.neocities.org,sadgrlonline.github.io,sadgrlonline.github.io,
abifrail.neocities.org,
spectralpleasures.neocities.org,thelinkprod.fr,blood-music.com,thelinkpublishing.com,flavinsky.com,antinomy.eu,
nicoh.neocities.org,sadgrlonline.github.io,
virtubear.neocities.org,
stuffz.neocities.org,youtube.com,soundcloud.com,
tallowguy.neocities.org,google.com,
geoshrine.neocities.org,eff.org,
sudety-pulling-horse-association.neocities.org,v2.horsereality.com,toyhou.se,
football2024.neocities.org,
brandnewcity.neocities.org,
melees.neocities.org,
proconprinting.com,instagram.com,procon-inc.myshopify.com,procon-inc.org,
0rl.neocities.org,sf0.org,tumblr.com,
lucasyayyyy.neocities.org,
in-understanding.neocities.org,
scewts.neocities.org,
nerose.neocities.org,firmbee.com,
patience-and-attention.neocities.org,
cr4p.neocities.org,
aaroncarter.neocities.org,
adobedragon.neocities.org,
iffiot.neocities.org,
primatechpapercompany.neocities.org,
janwworku.neocities.org,
doodle-den-restore-project.neocities.org,
the-bopgangs-misadventures.neocities.org,the-canvas-garden.neocities.org,google.com,
wizardsnow.neocities.org,sadgrlonline.github.io,
jonswebsite.neocities.org,
floodof1999.neocities.org,
dircif0ssf.neocities.org,
loloimu.neocities.org,sadgrlonline.github.io,sadgrlonline.github.io,
cloviseas.neocities.org,
titantest.neocities.org,
dacoolalienandredacted.neocities.org,youtube.com,youtube.com,
linosgraphiccollection.neocities.org,
zosan.neocities.org,pixiv.net,
cryptkid.neocities.org,
linebots.neocities.org,cogs.ink,
thecrystalcoast.neocities.org,
argallerotech.neocities.org,pccomponentes.com,pcpartpicker.com,pc-builds.com,
nshscountdowns.neocities.org,
venomoustia.neocities.org,goblin-heart.net,eggramen.neocities.org,eggramen.neocities.org,sadgrlonline.github.io,
you-arent-alone.neocities.org,
lungsvvorld.neocities.org,
bedazzledcadaver.neocities.org,open.spotify.com,twitter.com,en.pronouns.page,open.spotify.com,twitter.com,en.pronouns.page,open.spotify.com,twitter.com,en.pronouns.page,cursors-4u.com,open.spotify.com,twitter.com,en.pronouns.page,open.spotify.com,twitter.com,en.pronouns.page,open.spotify.com,twitter.com,en.pronouns.page,cursors-4u.com,
ecoub.neocities.org,youtube.com,twitter.com,
petalladenson.com,
testrpa.neocities.org,
mothilalrathnam.neocities.org,yarn.com,
redsn.neocities.org,yarn.com,
ofbloodandtephra.neocities.org,
the-corn-lover.neocities.org,
erikareyes.neocities.org,yarn.com,
liliana05e.neocities.org,yarhttps:,
fantacy-lab.neocities.org,www3.animeflv.net,
p1nkgut5.neocities.org,https:angels-heaven.org,
coolgreenapple.neocities.org,youtube.com,youtube.com,youtu.be,youtu.be,instagram.com,instagram.com,
barrhead-school.neocities.org,moz.com,moz.com,teamflightbasketball.com,givingshops.com,
direfloof.neocities.org,youtube.com,
littlekatispurple.neocities.org,canva.com,
kaylalamb.neocities.org,sadgrlonline.github.io,sadgrlonline.github.io,
slothyykittee.neocities.org,tumblr.com,x.com,
veryimportantpeople.neocities.org,veryimportantpeople.fr,veryimportantpeople.fr,veryimportantpeople.fr,veryimportantpeople.fr,veryimportantpeople.fr,veryimportantpeople.fr,veryimportantpeople.fr,veryimportantpeople.fr,veryimportantpeople.fr,veryimportantpeople.fr,veryimportantpeople.fr,veryimportantpeople.fr,veryimportantpeople.fr,veryimportantpeople.fr,veryimportantpeople.fr,veryimportantpeople.fr,veryimportantpeople.fr,veryimportantpeople.fr,veryimportantpeople.fr,veryimportantpeople.fr,veryimportantpeople.fr,veryimportantpeople.fr,veryimportantpeople.fr,veryimportantpeople.fr,veryimportantpeople.fr,veryimportantpeople.fr,veryimportantpeople.fr,veryimportantpeople.fr,veryimportantpeople.fr,veryimportantpeople.fr,veryimportantpeople.fr,veryimportantpeople.fr,veryimportantpeople.fr,veryimportantpeople.fr,veryimportantpeople.fr,veryimportantpeople.fr,veryimportantpeople.fr,veryimportantpeople.fr,veryimportantpeople.fr,veryimportantpeople.fr,veryimportantpeople.fr,veryimportantpeople.fr,veryimportantpeople.fr,veryimportantpeople.fr,veryimportantpeople.fr,veryimportantpeople.fr,veryimportantpeople.fr,veryimportantpeople.fr,veryimportantpeople.fr,veryimportantpeople.fr,veryimportantpeople.fr,veryimportantpeople.fr,veryimportantpeople.fr,veryimportantpeople.fr,veryimportantpeople.fr,veryimportantpeople.fr,veryimportantpeople.fr,veryimportantpeople.fr,veryimportantpeople.fr,veryimportantpeople.fr,veryimportantpeople.fr,veryimportantpeople.fr,veryimportantpeople.fr,veryimportantpeople.fr,veryimportantpeople.fr,veryimportantpeople.fr,veryimportantpeople.fr,veryimportantpeople.fr,veryimportantpeople.fr,veryimportantpeople.fr,veryimportantpeople.fr,veryimportantpeople.fr,veryimportantpeople.fr,veryimportantpeople.fr,veryimportantpeople.fr,veryimportantpeople.fr,veryimportantpeople.fr,veryimportantpeople.fr,veryimportantpeople.fr,veryimportantpeople.fr,veryimportantpeople.fr,veryimportantpeople.fr,veryimportantpeople.fr,veryimportantpeople.fr,veryimportantpeople.fr,veryimportantpeople.fr,veryimportantpeople.fr,veryimportantpeople.fr,veryimportantpeople.fr,veryimportantpeople.fr,veryimportantpeople.fr,veryimportantpeople.fr,veryimportantpeople.fr,veryimportantpeople.fr,veryimportantpeople.fr,veryimportantpeople.fr,veryimportantpeople.fr,veryimportantpeople.fr,veryimportantpeople.fr,veryimportantpeople.fr,veryimportantpeople.fr,veryimportantpeople.fr,veryimportantpeople.fr,veryimportantpeople.fr,veryimportantpeople.fr,veryimportantpeople.fr,veryimportantpeople.fr,veryimportantpeople.fr,veryimportantpeople.fr,veryimportantpeople.fr,veryimportantpeople.fr,veryimportantpeople.fr,veryimportantpeople.fr,veryimportantpeople.fr,veryimportantpeople.fr,veryimportantpeople.fr,veryimportantpeople.fr,veryimportantpeople.fr,veryimportantpeople.fr,veryimportantpeople.fr,veryimportantpeople.fr,veryimportantpeople.fr,veryimportantpeople.fr,veryimportantpeople.fr,veryimportantpeople.fr,veryimportantpeople.fr,veryimportantpeople.fr,veryimportantpeople.fr,veryimportantpeople.fr,veryimportantpeople.fr,veryimportantpeople.fr,veryimportantpeople.fr,veryimportantpeople.fr,veryimportantpeople.fr,veryimportantpeople.fr,veryimportantpeople.fr,veryimportantpeople.fr,veryimportantpeople.fr,veryimportantpeople.fr,veryimportantpeople.fr,veryimportantpeople.fr,veryimportantpeople.fr,veryimportantpeople.fr,veryimportantpeople.fr,veryimportantpeople.fr,veryimportantpeople.fr,veryimportantpeople.fr,veryimportantpeople.fr,veryimportantpeople.fr,veryimportantpeople.fr,veryimportantpeople.fr,veryimportantpeople.fr,veryimportantpeople.fr,veryimportantpeople.fr,veryimportantpeople.fr,veryimportantpeople.fr,veryimportantpeople.fr,veryimportantpeople.fr,veryimportantpeople.fr,veryimportantpeople.fr,veryimportantpeople.fr,veryimportantpeople.fr,veryimportantpeople.fr,veryimportantpeople.fr,veryimportantpeople.fr,veryimportantpeople.fr,veryimportantpeople.fr,veryimportantpeople.fr,veryimportantpeople.fr,veryimportantpeople.fr,veryimportantpeople.fr,veryimportantpeople.fr,veryimportantpeople.fr,veryimportantpeople.fr,veryimportantpeople.fr,veryimportantpeople.fr,veryimportantpeople.fr,veryimportantpeople.fr,veryimportantpeople.fr,veryimportantpeople.fr,veryimportantpeople.fr,veryimportantpeople.fr,veryimportantpeople.fr,veryimportantpeople.fr,veryimportantpeople.fr,veryimportantpeople.fr,veryimportantpeople.fr,veryimportantpeople.fr,veryimportantpeople.fr,veryimportantpeople.fr,veryimportantpeople.fr,veryimportantpeople.fr,veryimportantpeople.fr,veryimportantpeople.fr,veryimportantpeople.fr,veryimportantpeople.fr,veryimportantpeople.fr,veryimportantpeople.fr,veryimportantpeople.fr,veryimportantpeople.fr,veryimportantpeople.fr,veryimportantpeople.fr,veryimportantpeople.fr,veryimportantpeople.fr,veryimportantpeople.fr,veryimportantpeople.fr,veryimportantpeople.fr,veryimportantpeople.fr,veryimportantpeople.fr,veryimportantpeople.fr,veryimportantpeople.fr,veryimportantpeople.fr,veryimportantpeople.fr,veryimportantpeople.fr,veryimportantpeople.fr,veryimportantpeople.fr,veryimportantpeople.fr,veryimportantpeople.fr,veryimportantpeople.fr,veryimportantpeople.fr,veryimportantpeople.fr,veryimportantpeople.fr,veryimportantpeople.fr,veryimportantpeople.fr,veryimportantpeople.fr,veryimportantpeople.fr,veryimportantpeople.fr,veryimportantpeople.fr,veryimportantpeople.fr,veryimportantpeople.fr,veryimportantpeople.fr,veryimportantpeople.fr,veryimportantpeople.fr,veryimportantpeople.fr,veryimportantpeople.fr,veryimportantpeople.fr,veryimportantpeople.fr,veryimportantpeople.fr,veryimportantpeople.fr,veryimportantpeople.fr,veryimportantpeople.fr,veryimportantpeople.fr,veryimportantpeople.fr,veryimportantpeople.fr,veryimportantpeople.fr,veryimportantpeople.fr,veryimportantpeople.fr,veryimportantpeople.fr,veryimportantpeople.fr,veryimportantpeople.fr,veryimportantpeople.fr,veryimportantpeople.fr,veryimportantpeople.fr,veryimportantpeople.fr,veryimportantpeople.fr,veryimportantpeople.fr,veryimportantpeople.fr,veryimportantpeople.fr,
dinesh0007.neocities.org,
p-roni.neocities.org,doordash.com,google.com,
mariposamarketing.neocities.org,
destinyshipping.neocities.org,tumblr.com,tumblr.com,
alexs-cool-website.neocities.org,scratch.mit.edu,youtube.com,
fennontheweb.neocities.org,
kinkcurator.neocities.org,archiveofourown.org,archiveofourown.org,archiveofourown.org,archiveofourown.org,archiveofourown.org,archiveofourown.org,fiction.live,fiction.live,fiction.live,fiction.live,fiction.live,fiction.live,fiction.live,hypnohub.net,
awac.neocities.org,awac.boards.net,
resumetweak.neocities.org,
montoyacarolay1.neocities.org,figma.com,figma.com,
vinohts.neocities.org,yarn.com,
abandoned-shower-drain.neocities.org,google.com,
moonpresnce.neocities.org,
winxp-test.neocities.org,microsoft.com,pestgame.com,
ryuo-no-yume.neocities.org,facebook.com,81dojo.com,
southernslime.neocities.org,yarn.com,
ninikins-internet-corner.neocities.org,
lewes-maoist-action.neocities.org,
vidhyamano.neocities.org,yarn.com,
sandorums-2.neocities.org,
helloarchspider.neocities.org,
linky2001.neocities.org,
hongman.neocities.org,
kyenmie.neocities.org,
lokesh123.neocities.org,yarn.com,
ltc-kart.neocities.org,
arrobaclothing.neocities.org,
spaceheyguyland.neocities.org,
shinningstar.neocities.org,
msprivate.neocities.org,
aravindloga.neocities.org,yarn.com,
induscom.neocities.org,
baseplayground.neocities.org,
compsand.neocities.org,
stuswiritinghole.neocities.org,
dehesapunk.neocities.org,
piotrek677.neocities.org,
hongdongpower.neocities.org,namu.wiki,
1991tv.neocities.org,
gopikrishgk1608.neocities.org,neocoities.org,yarn.com,
panoramhusky.neocities.org,
hatsunemiku-fanclub.neocities.org,disk.yandex.ru,disk.yandex.ru,disk.yandex.ru,disqus.com,liveinternet.ru,
mad-s.neocities.org,
snitfit.neocities.org,
dhakirsarraf.neocities.org,yarn.com,
x8core.neocities.org,my-favorite-site.com,yarn.com,
biancaanzilotta.neocities.org,guinnessworldrecords.com,barcolana.it,instagram.com,federvela.it,
baconskitsch.neocities.org,sadgrlonline.github.io,
mekakure.neocities.org,
mi-primer-documento.neocities.org,
mvolai.neocities.org,nike.com,futbolemotion.com,futbolmania.com,
hookers-executor.neocities.org,
planetgas.neocities.org,
david77.neocities.org,calzedonia.com,glamour.es,
elyan.neocities.org,
pervomaisk-online.neocities.org,drive.google.com,youtube.com,discord.gg,t.me,discord.gg,
med1a.neocities.org,
572009.neocities.org,
pellowdude.neocities.org,drive.google.com,
iwandevelopments.neocities.org,iwandevelopments.com,facebook.com,
saymyname.neocities.org,
huschn.neocities.org,
uzoblezg.neocities.org,zspolabiny1.cz,fortnite.com,
drummerlife.neocities.org,
tomdoly.neocities.org,fortnite.com,
softballrules.neocities.org,
doleor.neocities.org,
verdwaald.neocities.org,
rakshitha04.neocities.org,yarn.com,
sante-barley.neocities.org,facebook.com,mcosme.barleyfordiabetes.com,m.me,m.me,mcosme.barleyforcancer.com,
alslove.neocities.org,yarn.com,
exteriorselves.neocities.org,goblin-heart.net,
cindersinned.neocities.org,sadgrlonline.github.io,
liquidmoon.neocities.org,
ark9.neocities.org,yarn.com,
astralgraveyard.neocities.org,sanrio.com,ensemble-stars.fandom.com,
femcelsupreme.neocities.org,en.pronouns.page,
lastbastion.neocities.org,
kaja-kallas.neocities.org,
howtocooking.neocities.org,satellite.local,howtocooking.ru,howtocooking.ru,
orgasm.neocities.org,my-favorite-site.com,xvideos.com,
mel-guide.neocities.org,praguewithmel.neocities.org,praguewithmel.neocities.org,praguewithmel.neocities.org,praguewithmel.neocities.org,praguewithmel.neocities.org,praguewithmel.neocities.org,maps.app.goo.gl,praguewithmel.neocities.org,praguewithmel.neocities.org,praguewithmel.neocities.org,praguewithmel.neocities.org,praguewithmel.neocities.org,praguewithmel.123Guestbook.com,free-website-hit-counter.com,
lishikasharon.neocities.org,yarn.com,
illumenaturale.neocities.org,
agic.neocities.org,cs.wikipedia.org,
avastyourass.neocities.org,
stranka1.neocities.org,cs.wikipedia.org,
9bitghost.neocities.org,
dozethealien.neocities.org,
sealwithredglasses.neocities.org,
jojg1014.neocities.org,paris.co.kr,
saudadesaudade.neocities.org,mouchette.org,yarn.com,
ariiornot.neocities.org,
jadenlong.neocities.org,cursors-4u.com,oneshot-game.com,free-website-hit-counter.com,free-website-hit-counter.com,
caramelized.neocities.org,yarn.com,
benthebonesman.neocities.org,
wheelbookclockcomputer.neocities.org,
hugoschrodinger.neocities.org,instagram.com,youtube.com,youtu.be,
twstarg.neocities.org,
elexnorislingtxn.neocities.org,food.com,
starflowers.neocities.org,
sengokyu.neocities.org,
tylerfan9000.neocities.org,yarn.com,
mayoshino.neocities.org,twitter.com,x.com,tiktok.com,instagram.com,pinterest.com,retrospring.net,open.spotify.com,
soulluosshin7.neocities.org,sadgrlonline.github.io,sadgrlonline.github.io,sadgrlonline.github.io,
givingheadguide.neocities.org,
davialmeida.neocities.org,
thesilverchairspot.neocities.org,songsterr.com,discord.gg,thesilverchairspot.forumotion.com,goblin-heart.net,
breller.neocities.org,twitter.com,basically-games.itch.io,
ceresic.neocities.org,phighting.miraheze.org,
what-is-ucsc.neocities.org,
hendrewkian.neocities.org,kogama.com,kogama.com,spore.com,spore.com,mdickie.com,
martsgirl.neocities.org,facebook.com,mcosme.barleyfordiabetes.com,
contour.neocities.org,nemesister.bandcamp.com,posypals.bandcamp.com,linktr.ee,donyc.com,cchhrroonnoopphhaaggee.bandcamp.com,11pmrecords.bandcamp.com,fernette.bandcamp.com,youtube.com,youtube.com,charjere.com,carblinkersatellite.bandcamp.com,youtube.com,
masterblasters.neocities.org,liaminc.bandcamp.com,yungmastaextraordinaire.bandcamp.com,benfatl.bandcamp.com,goofyfish.bandcamp.com,nathanbloodmoney.bandcamp.com,girlzine.bandcamp.com,23vertia.bandcamp.com,hattaway69.bandcamp.com,crypants420.bandcamp.com,jayayseakay.bandcamp.com,justsundaze.bandcamp.com,thedonaldbackwoodbigband.bandcamp.com,dukeofdolphins.bandcamp.com,benfatlliaminc.bandcamp.com,mcdonaldz.bandcamp.com,itforwardroadgals.bandcamp.com,christmasowl.bandcamp.com,nineoclockglockas.bandcamp.com,thebeatlestoo.bandcamp.com,youtube.com,
jack-h-freedman.neocities.org,docs.google.com,stories.com,
vampireromcom.neocities.org,
mazapan404.neocities.org,mazapan404.github.io,mazapan404.github.io,
milkplant.neocities.org,
rssuuu.neocities.org,google.com,
palpe.neocities.org,twitter.com,
deepground.neocities.org,
rosegold.neocities.org,youtube.com,
lolcomicthinghi.neocities.org,
franknet.neocities.org,
paintmyfaceinyourcolors.neocities.org,instagram.com,instagram.com,open.spotify.com,
spongefans.neocities.org,nick.com,
ahungryghost.neocities.org,youtube.com,yarn.com,
sotadeespinas.neocities.org,sadgrlonline.github.io,
nanonato.neocities.org,instagram.com,instagram.com,open.spotify.com,
raevenhart.neocities.org,
clovers-webcafe.neocities.org,
len0re.neocities.org,
mtthvv.neocities.org,en.wikipedia.org,en.wikipedia.org,en.wikipedia.org,
joansjournal.neocities.org,
